name,age,department,salary
Sarah Jane Smith,42,Robotics,63138.43
Trinity,45,Jedi Training,75475.85
Samus Aran,38,Robotics,95835.99
Rick Deckard,34,Space Exploration,63676.19
Al Bundy,25,Paranormal Research,51621.94
Waldo Geraldo Faldo,39,Time Travel,69549.83
Luke Skywalker,25,Diplomatic Corps,66437.73
John Sheridan,35,Robotics,82641.63
Rick Deckard,42,Planetary Defense,57461.85
Clara Oswald,26,Time Travel,59229.4
Lara Croft,48,Robotics,89540.02
Turanga Leela,27,Planetary Defense,70244.46
Fox Mulder,43,Android Relations,52089.93
Leia Organa,40,Diplomatic Corps,92892.04
Sarah Jane Smith,31,Time Travel,73563.45
Ash Williams,41,Diplomatic Corps,102646.33
Bart Simpson,28,Planetary Defense,106584.46
Marty McFly,33,Paranormal Research,81059.48
Luke Skywalker,49,Jedi Training,67482.79
Jean-Luc Picard,40,Planetary Defense,110788.23
Stephanie Tanner,31,Jedi Training,97493.25
Marty McFly,34,Time Travel,118240.7
Summer Smith,29,Jedi Training,115531.9
Pris,43,Space Exploration,89773.35
Pris,37,Galactic Relations,95374.52
Clara Oswald,43,Space Exploration,71366.46
Peggy Bundy,32,Space Exploration,65685.71
Lisa Simpson,30,Paranormal Research,95570.08
Fox Mulder,33,Diplomatic Corps,106373.49
Londo Mollari,35,Galactic Relations,118939.43
Londo Mollari,49,Space Exploration,69154.1
Carl Winslow,34,Starfleet Command,99506.18
Ellen Ripley,39,Space Exploration,71836.0
Married with Children,32,Paranormal Research,104861.09
Bender,36,Android Relations,101822.45
Lisa Simpson,36,Space Exploration,78882.3
Worf,39,Paranormal Research,105973.49
Brad Taylor,47,Space Exploration,62768.49
Data,50,Jedi Training,96721.44
Laura Winslow,33,Planetary Defense,94612.12
G'Kar,37,Galactic Relations,110992.6
Trinity,48,Jedi Training,82537.36
Trinity,28,Robotics,119824.33
Brad Taylor,30,Diplomatic Corps,83389.91
Rick Sanchez,34,Paranormal Research,108760.99
Sephiroth,43,Robotics,93618.18
Gordon Freeman,43,Space Exploration,92380.69
Doc Brown,36,Starfleet Command,81202.4
Rick Deckard,48,Starfleet Command,83828.75
Bart Simpson,44,Space Exploration,97161.48
Luke Skywalker,40,Space Exploration,101691.87
Neo,47,Starfleet Command,81385.94
Spock,38,Jedi Training,97640.66
Luke Skywalker,49,Planetary Defense,66032.68
Summer Smith,50,Diplomatic Corps,56592.36
E.T.,44,Android Relations,108922.38
Roy Batty,48,Galactic Relations,98049.23
Roy Batty,41,Starfleet Command,60909.95
Delenn,36,Android Relations,50586.44
Marge Simpson,47,Planetary Defense,99913.85
Neytiri,38,Paranormal Research,60405.85
Homer Simpson,25,Space Exploration,71230.69
Rose Tyler,44,Android Relations,67765.09
Neytiri,27,Time Travel,69153.89
Summer Smith,38,Robotics,91279.37
Dana Barrett,42,Time Travel,56877.14
Worf,49,Space Exploration,69890.9
Eddie Winslow,36,Android Relations,99509.18
Al Bundy,26,Planetary Defense,52317.3
Worf,41,Starfleet Command,101064.87
Eddie Winslow,30,Diplomatic Corps,52334.29
James T. Kirk,45,Galactic Relations,70527.72
Delenn,36,Diplomatic Corps,64727.49
Sonic the Hedgehog,28,Robotics,83625.94
Rick Sanchez,48,Space Exploration,76154.23
Cloud Strife,49,Starfleet Command,105613.83
Turanga Leela,27,Time Travel,97924.1
Brad Taylor,26,Time Travel,104465.18
Sonic the Hedgehog,25,Diplomatic Corps,61981.76
Mark Taylor,50,Jedi Training,56641.26
D.J. Tanner,45,Time Travel,106012.19
Ray Stantz,26,Starfleet Command,61037.22
Randy Taylor,47,Space Exploration,100814.06
Data,50,Space Exploration,77770.85
Bud Bundy,46,Jedi Training,82276.19
Randy Taylor,35,Planetary Defense,55348.44
Sarah Kerrigan,44,Robotics,79821.53
Kelly Bundy,29,Diplomatic Corps,90402.13
Dana Scully,38,Galactic Relations,85413.0
Bart Simpson,41,Diplomatic Corps,108420.92
Sephiroth,25,Android Relations,53705.91
Danny Tanner,31,Robotics,112428.05
Beth Smith,28,Galactic Relations,113154.05
Sonic the Hedgehog,26,Robotics,81346.67
Clara Oswald,48,Time Travel,109736.99
Rory Williams,46,Android Relations,85809.78
Bart Simpson,41,Galactic Relations,69713.69
Homer Simpson,46,Diplomatic Corps,52155.63
Stephanie Tanner,36,Planetary Defense,65222.34
Joey Gladstone,41,Galactic Relations,117811.38
